{"cameraMode":{"drawMode":0,"name":"Shaded","section":"Shading Mode"},"sceneLighting":true,"audioPlay":false,"sceneViewState":{"m_AlwaysRefresh":false,"showFog":true,"showSkybox":false,"showFlares":true,"showImageEffects":true,"showParticleSystems":true,"showVisualEffectGraphs":true,"m_FxEnabled":true},"in2DMode":false,"pivot":{"x":136.88116455078126,"y":365.5130920410156,"z":14.50933837890625},"rotation":{"x":0.0011895112693309785,"y":-0.035080406814813617,"z":-0.000040608763811178505,"w":-0.9993932247161865},"size":375.5957946777344,"orthographic":false}